contract_version,dataset,target,model,model_label,contrast,candidate_condition,reference_condition,demographic_fields,delta_definition,training_seed_treatment,n_subjects,n_measurements_per_seed,n_training_seeds,training_seeds,reference_seed_mode,seed_17_delta_mae,seed_23_delta_mae,seed_42_delta_mae,seed_delta_mae_sample_sd,delta_mae_candidate_minus_reference,ci_low,ci_high,bootstrap_probability_candidate_better,bootstrap_method,bootstrap_replicates,bootstrap_confidence,bootstrap_seed
source-faithful-v3,BUT PPG,dbp,anyppg,AnyPPG,add_demographics_to_finetuned,finetuned_demographics,finetuned,age/sex/BMI,candidate_minus_reference_participant_macro_mae,fixed_mean_of_seed_17_23_42_deltas_within_draw,38,66,3,17/23/42,matched_training_seed,-0.22540535530522132,-0.09131165970192201,-0.25459572713032774,0.08707744032737222,-0.19043758071249037,-0.4808851524163489,0.10762782358874737,0.896,participant_paired_percentile_fixed_oof_mean_of_3_seed_deltas,10000,0.95,4034659373
source-faithful-v3,BUT PPG,dbp,papagei_p,PaPaGei-P,add_demographics_to_finetuned,finetuned_demographics,finetuned,age/sex/BMI,candidate_minus_reference_participant_macro_mae,fixed_mean_of_seed_17_23_42_deltas_within_draw,38,66,3,17/23/42,matched_training_seed,-0.09302463656208572,-0.1775615650836365,-0.11344328888772076,0.044110782863506816,-0.1280098301778143,-0.2996361223690696,0.03804121587741935,0.9288,participant_paired_percentile_fixed_oof_mean_of_3_seed_deltas,10000,0.95,2765441021
source-faithful-v3,BUT PPG,dbp,papagei_s,PaPaGei-S,add_demographics_to_finetuned,finetuned_demographics,finetuned,age/sex/BMI,candidate_minus_reference_participant_macro_mae,fixed_mean_of_seed_17_23_42_deltas_within_draw,38,66,3,17/23/42,matched_training_seed,-0.03893795859958765,-0.0899612122629559,-0.07250151352353852,0.02593172353701383,-0.06713356146202736,-0.20924306974662707,0.0776953386078054,0.8189,participant_paired_percentile_fixed_oof_mean_of_3_seed_deltas,10000,0.95,2215043427
source-faithful-v3,BUT PPG,dbp,pulseppg,Pulse-PPG,add_demographics_to_finetuned,finetuned_demographics,finetuned,age/sex/BMI,candidate_minus_reference_participant_macro_mae,fixed_mean_of_seed_17_23_42_deltas_within_draw,38,66,3,17/23/42,matched_training_seed,0.00461095915666925,-0.011845519524517593,0.0006917726524209767,0.008596117423672193,-0.002180929238475789,-0.013436869339662975,0.008328712696141863,0.6472,participant_paired_percentile_fixed_oof_mean_of_3_seed_deltas,10000,0.95,2411454049
source-faithful-v3,BUT PPG,sbp,anyppg,AnyPPG,add_demographics_to_finetuned,finetuned_demographics,finetuned,age/sex/BMI,candidate_minus_reference_participant_macro_mae,fixed_mean_of_seed_17_23_42_deltas_within_draw,38,66,3,17/23/42,matched_training_seed,0.5011103784575055,-1.329545330023889,-0.2840664775097337,0.9184070492975351,-0.3708338096920391,-1.0078366750553567,0.25075367044002017,0.8758,participant_paired_percentile_fixed_oof_mean_of_3_seed_deltas,10000,0.95,4226730108
source-faithful-v3,BUT PPG,sbp,papagei_p,PaPaGei-P,add_demographics_to_finetuned,finetuned_demographics,finetuned,age/sex/BMI,candidate_minus_reference_participant_macro_mae,fixed_mean_of_seed_17_23_42_deltas_within_draw,38,66,3,17/23/42,matched_training_seed,-0.5781924379021953,-0.7998663582348582,-0.6745875882304828,0.1111501403330004,-0.6842154614558456,-1.1917298985101101,-0.2173614604944102,0.9994,participant_paired_percentile_fixed_oof_mean_of_3_seed_deltas,10000,0.95,1762758223
source-faithful-v3,BUT PPG,sbp,papagei_s,PaPaGei-S,add_demographics_to_finetuned,finetuned_demographics,finetuned,age/sex/BMI,candidate_minus_reference_participant_macro_mae,fixed_mean_of_seed_17_23_42_deltas_within_draw,38,66,3,17/23/42,matched_training_seed,-0.6813338648388529,-0.6054013350401778,-0.5766915471129732,0.05406788273934862,-0.6211422489973346,-1.0996372868437139,-0.15246311293973905,0.9964,participant_paired_percentile_fixed_oof_mean_of_3_seed_deltas,10000,0.95,3463137970
source-faithful-v3,BUT PPG,sbp,pulseppg,Pulse-PPG,add_demographics_to_finetuned,finetuned_demographics,finetuned,age/sex/BMI,candidate_minus_reference_participant_macro_mae,fixed_mean_of_seed_17_23_42_deltas_within_draw,38,66,3,17/23/42,matched_training_seed,0.07120560385988328,0.04667108794914878,0.014033432765624585,0.028681632201590555,0.043970041524885546,-0.009485000715350399,0.09785287109244496,0.0543,participant_paired_percentile_fixed_oof_mean_of_3_seed_deltas,10000,0.95,1732982351
source-faithful-v3,PPG-BP,dbp,anyppg,AnyPPG,add_demographics_to_finetuned,finetuned_demographics,finetuned,age/sex/BMI,candidate_minus_reference_participant_macro_mae,fixed_mean_of_seed_17_23_42_deltas_within_draw,219,219,3,17/23/42,matched_training_seed,-0.26079487975646903,-0.004351252663623477,-0.20798092389649928,0.13541152758444802,-0.15770901877219726,-0.29157052667427763,-0.026424223680872935,0.9916,participant_paired_percentile_fixed_oof_mean_of_3_seed_deltas,10000,0.95,3180323025
source-faithful-v3,PPG-BP,dbp,papagei_p,PaPaGei-P,add_demographics_to_finetuned,finetuned_demographics,finetuned,age/sex/BMI,candidate_minus_reference_participant_macro_mae,fixed_mean_of_seed_17_23_42_deltas_within_draw,219,219,3,17/23/42,matched_training_seed,-0.11585254642313611,-0.12721907153729106,-0.11158887823439934,0.008079600879995276,-0.1182201653982755,-0.2225510255580923,-0.013781191057839221,0.9865,participant_paired_percentile_fixed_oof_mean_of_3_seed_deltas,10000,0.95,859175463
source-faithful-v3,PPG-BP,dbp,papagei_s,PaPaGei-S,add_demographics_to_finetuned,finetuned_demographics,finetuned,age/sex/BMI,candidate_minus_reference_participant_macro_mae,fixed_mean_of_seed_17_23_42_deltas_within_draw,219,219,3,17/23/42,matched_training_seed,-0.10493896499239024,-0.21073349010654416,-0.10500897716894945,0.06106029681351301,-0.14022714408929463,-0.2667139773972598,-0.014136121220192692,0.9857,participant_paired_percentile_fixed_oof_mean_of_3_seed_deltas,10000,0.95,1232036387
source-faithful-v3,PPG-BP,dbp,pulseppg,Pulse-PPG,add_demographics_to_finetuned,finetuned_demographics,finetuned,age/sex/BMI,candidate_minus_reference_participant_macro_mae,fixed_mean_of_seed_17_23_42_deltas_within_draw,219,219,3,17/23/42,matched_training_seed,0.061615512937595,0.02506104718417043,-0.043594319634702484,0.05341488124334384,0.014360746829020981,-0.0031651064180615576,0.031947734335362875,0.0602,participant_paired_percentile_fixed_oof_mean_of_3_seed_deltas,10000,0.95,67600188
source-faithful-v3,PPG-BP,sbp,anyppg,AnyPPG,add_demographics_to_finetuned,finetuned_demographics,finetuned,age/sex/BMI,candidate_minus_reference_participant_macro_mae,fixed_mean_of_seed_17_23_42_deltas_within_draw,219,219,3,17/23/42,matched_training_seed,-0.8047000898021309,-1.1522377899543372,-0.9765970091324212,0.1737722109496901,-0.9778449629629631,-1.4482702139649928,-0.5089899593353631,1.0,participant_paired_percentile_fixed_oof_mean_of_3_seed_deltas,10000,0.95,3724281608
source-faithful-v3,PPG-BP,sbp,papagei_p,PaPaGei-P,add_demographics_to_finetuned,finetuned_demographics,finetuned,age/sex/BMI,candidate_minus_reference_participant_macro_mae,fixed_mean_of_seed_17_23_42_deltas_within_draw,219,219,3,17/23/42,matched_training_seed,-0.9892855433789943,-1.312377716894977,-1.3397579680365288,0.19492269885999575,-1.2138070761035,-1.6382145781075599,-0.7755852804160316,1.0,participant_paired_percentile_fixed_oof_mean_of_3_seed_deltas,10000,0.95,1019236911
source-faithful-v3,PPG-BP,sbp,papagei_s,PaPaGei-S,add_demographics_to_finetuned,finetuned_demographics,finetuned,age/sex/BMI,candidate_minus_reference_participant_macro_mae,fixed_mean_of_seed_17_23_42_deltas_within_draw,219,219,3,17/23/42,matched_training_seed,-0.8155421111111106,-0.8256350761035025,-0.6871159756468787,0.07722551543361728,-0.7760977209538306,-1.1084806475520042,-0.452829440753426,1.0,participant_paired_percentile_fixed_oof_mean_of_3_seed_deltas,10000,0.95,3127007865
source-faithful-v3,PPG-BP,sbp,pulseppg,Pulse-PPG,add_demographics_to_finetuned,finetuned_demographics,finetuned,age/sex/BMI,candidate_minus_reference_participant_macro_mae,fixed_mean_of_seed_17_23_42_deltas_within_draw,219,219,3,17/23/42,matched_training_seed,-0.008045905631658119,-0.006545654490108164,0.00014423287671103924,0.0043604991162083055,-0.004815775748351748,-0.011509999670218846,0.001704225253678926,0.9229,participant_paired_percentile_fixed_oof_mean_of_3_seed_deltas,10000,0.95,225609320
source-faithful-v3,PulseDB-MIMIC,dbp,anyppg,AnyPPG,add_demographics_to_finetuned,finetuned_demographics,finetuned,age/sex,candidate_minus_reference_participant_macro_mae,fixed_mean_of_seed_17_23_42_deltas_within_draw,300,3000,3,17/23/42,matched_training_seed,-0.34853316503373416,-0.26338957607668334,-0.18436019638746323,0.08210545782577389,-0.26542764583262696,-0.42524314740315,-0.10473503179092437,0.9999,participant_paired_percentile_fixed_oof_mean_of_3_seed_deltas,10000,0.95,1353142066
source-faithful-v3,PulseDB-MIMIC,dbp,papagei_p,PaPaGei-P,add_demographics_to_finetuned,finetuned_demographics,finetuned,age/sex,candidate_minus_reference_participant_macro_mae,fixed_mean_of_seed_17_23_42_deltas_within_draw,300,3000,3,17/23/42,matched_training_seed,-0.3409244559963828,-0.319889239442448,-0.3071428270905192,0.01705945395203598,-0.32265217417645004,-0.5320342714147434,-0.10807768981811984,0.9977,participant_paired_percentile_fixed_oof_mean_of_3_seed_deltas,10000,0.95,1292570675
source-faithful-v3,PulseDB-MIMIC,dbp,papagei_s,PaPaGei-S,add_demographics_to_finetuned,finetuned_demographics,finetuned,age/sex,candidate_minus_reference_participant_macro_mae,fixed_mean_of_seed_17_23_42_deltas_within_draw,300,3000,3,17/23/42,matched_training_seed,-0.39038865103450227,-0.43061684205958717,-0.4175491656128824,0.020521391574926898,-0.4128515529023239,-0.6469377594548577,-0.17949603702728073,0.9996,participant_paired_percentile_fixed_oof_mean_of_3_seed_deltas,10000,0.95,2232105563
source-faithful-v3,PulseDB-MIMIC,dbp,pulseppg,Pulse-PPG,add_demographics_to_finetuned,finetuned_demographics,finetuned,age/sex,candidate_minus_reference_participant_macro_mae,fixed_mean_of_seed_17_23_42_deltas_within_draw,300,3000,3,17/23/42,matched_training_seed,0.008179034894371244,-0.014482234881347828,-0.022555017698934313,0.01593363820703394,-0.009619405895303638,-0.155216409450096,0.14090795557911098,0.547,participant_paired_percentile_fixed_oof_mean_of_3_seed_deltas,10000,0.95,3845151438
source-faithful-v3,PulseDB-MIMIC,sbp,anyppg,AnyPPG,add_demographics_to_finetuned,finetuned_demographics,finetuned,age/sex,candidate_minus_reference_participant_macro_mae,fixed_mean_of_seed_17_23_42_deltas_within_draw,300,3000,3,17/23/42,matched_training_seed,0.39215326116171784,-0.3449890918957915,-0.1264589005418271,0.3786143304805005,-0.02643157709196692,-0.17613889968214605,0.11767876861670507,0.6379,participant_paired_percentile_fixed_oof_mean_of_3_seed_deltas,10000,0.95,3469276960
source-faithful-v3,PulseDB-MIMIC,sbp,papagei_p,PaPaGei-P,add_demographics_to_finetuned,finetuned_demographics,finetuned,age/sex,candidate_minus_reference_participant_macro_mae,fixed_mean_of_seed_17_23_42_deltas_within_draw,300,3000,3,17/23/42,matched_training_seed,-0.04428534374675744,-0.022908230469183284,0.0405260279320923,0.04410943753334811,-0.008889182094616142,-0.04913328536658712,0.031284662682099,0.6687,participant_paired_percentile_fixed_oof_mean_of_3_seed_deltas,10000,0.95,666170529
source-faithful-v3,PulseDB-MIMIC,sbp,papagei_s,PaPaGei-S,add_demographics_to_finetuned,finetuned_demographics,finetuned,age/sex,candidate_minus_reference_participant_macro_mae,fixed_mean_of_seed_17_23_42_deltas_within_draw,300,3000,3,17/23/42,matched_training_seed,0.09472006785145931,0.18692235379829775,0.0838057468615438,0.05664718081046706,0.12181605617043362,0.010592708696023736,0.2356470479100487,0.0158,participant_paired_percentile_fixed_oof_mean_of_3_seed_deltas,10000,0.95,3453284412
source-faithful-v3,PulseDB-MIMIC,sbp,pulseppg,Pulse-PPG,add_demographics_to_finetuned,finetuned_demographics,finetuned,age/sex,candidate_minus_reference_participant_macro_mae,fixed_mean_of_seed_17_23_42_deltas_within_draw,300,3000,3,17/23/42,matched_training_seed,-0.10010146840240233,-0.20622124555482377,0.15457193464402794,0.18542368969476822,-0.050583593104399416,-0.17468228934156893,0.07075112720619198,0.7956,participant_paired_percentile_fixed_oof_mean_of_3_seed_deltas,10000,0.95,1908952507
source-faithful-v3,PulseDB-Vital,dbp,anyppg,AnyPPG,add_demographics_to_finetuned,finetuned_demographics,finetuned,age/sex/BMI,candidate_minus_reference_participant_macro_mae,fixed_mean_of_seed_17_23_42_deltas_within_draw,300,3000,3,17/23/42,matched_training_seed,-0.32495158895970533,-0.26085512927253895,-0.4126424939032675,0.07619870407449104,-0.33281640404517066,-0.5281869917176187,-0.14727255596148348,1.0,participant_paired_percentile_fixed_oof_mean_of_3_seed_deltas,10000,0.95,3775302433
source-faithful-v3,PulseDB-Vital,dbp,papagei_p,PaPaGei-P,add_demographics_to_finetuned,finetuned_demographics,finetuned,age/sex/BMI,candidate_minus_reference_participant_macro_mae,fixed_mean_of_seed_17_23_42_deltas_within_draw,300,3000,3,17/23/42,matched_training_seed,-0.10389223516781086,-0.11549969035887216,-0.09216928499080362,0.011665250329529229,-0.10385373683916223,-0.2773041695728287,0.06317504634715974,0.8857,participant_paired_percentile_fixed_oof_mean_of_3_seed_deltas,10000,0.95,2112031864
source-faithful-v3,PulseDB-Vital,dbp,papagei_s,PaPaGei-S,add_demographics_to_finetuned,finetuned_demographics,finetuned,age/sex/BMI,candidate_minus_reference_participant_macro_mae,fixed_mean_of_seed_17_23_42_deltas_within_draw,300,3000,3,17/23/42,matched_training_seed,-0.0639985024205569,-0.13448441798252014,-0.11003691021844016,0.0357898494013949,-0.10283994354050574,-0.2719808767243818,0.06438554340780779,0.8832,participant_paired_percentile_fixed_oof_mean_of_3_seed_deltas,10000,0.95,1958816471
source-faithful-v3,PulseDB-Vital,dbp,pulseppg,Pulse-PPG,add_demographics_to_finetuned,finetuned_demographics,finetuned,age/sex/BMI,candidate_minus_reference_participant_macro_mae,fixed_mean_of_seed_17_23_42_deltas_within_draw,300,3000,3,17/23/42,matched_training_seed,0.020706617253705158,-0.005125198418635033,0.012718632324233717,0.01322556173818571,0.009433350386434615,-0.016064234193380964,0.034385360178358464,0.2273,participant_paired_percentile_fixed_oof_mean_of_3_seed_deltas,10000,0.95,944824003
source-faithful-v3,PulseDB-Vital,sbp,anyppg,AnyPPG,add_demographics_to_finetuned,finetuned_demographics,finetuned,age/sex/BMI,candidate_minus_reference_participant_macro_mae,fixed_mean_of_seed_17_23_42_deltas_within_draw,300,3000,3,17/23/42,matched_training_seed,-0.22814863568733434,0.00437948650643874,-0.6591757208022281,0.3366895674208048,-0.2943149566610412,-0.4941473350736575,-0.09980605365903705,0.9983,participant_paired_percentile_fixed_oof_mean_of_3_seed_deltas,10000,0.95,1813919788
source-faithful-v3,PulseDB-Vital,sbp,papagei_p,PaPaGei-P,add_demographics_to_finetuned,finetuned_demographics,finetuned,age/sex/BMI,candidate_minus_reference_participant_macro_mae,fixed_mean_of_seed_17_23_42_deltas_within_draw,300,3000,3,17/23/42,matched_training_seed,-0.055514779969465355,-0.1413445300364701,-0.13187719269724885,0.047059527109232384,-0.10957883423439475,-0.31819401438899364,0.10201553902420314,0.8417,participant_paired_percentile_fixed_oof_mean_of_3_seed_deltas,10000,0.95,2500491026
source-faithful-v3,PulseDB-Vital,sbp,papagei_s,PaPaGei-S,add_demographics_to_finetuned,finetuned_demographics,finetuned,age/sex/BMI,candidate_minus_reference_participant_macro_mae,fixed_mean_of_seed_17_23_42_deltas_within_draw,300,3000,3,17/23/42,matched_training_seed,-0.3370819219205293,-0.35835825586486353,-0.3002386991197891,0.02940518188091949,-0.331892958968394,-0.5745726311461635,-0.09116358504919136,0.9967,participant_paired_percentile_fixed_oof_mean_of_3_seed_deltas,10000,0.95,1560131507
source-faithful-v3,PulseDB-Vital,sbp,pulseppg,Pulse-PPG,add_demographics_to_finetuned,finetuned_demographics,finetuned,age/sex/BMI,candidate_minus_reference_participant_macro_mae,fixed_mean_of_seed_17_23_42_deltas_within_draw,300,3000,3,17/23/42,matched_training_seed,-0.05819657233261277,-0.07183328737807021,-0.03597577114237968,0.01809919645251173,-0.05533521028435422,-0.12445020730791471,0.010487615691329555,0.9529,participant_paired_percentile_fixed_oof_mean_of_3_seed_deltas,10000,0.95,3460237601
source-faithful-v3,BUT PPG,dbp,anyppg,AnyPPG,finetuned_vs_frozen_with_demographics,finetuned_demographics,frozen_demographics,age/sex/BMI,candidate_minus_reference_participant_macro_mae,fixed_mean_of_seed_17_23_42_deltas_within_draw,38,66,3,17/23/42,deterministic_reference_reused_across_seeds,-0.40658153413309334,-0.5471980705496012,-0.7173208083275406,0.1556029416762038,-0.5570334710034117,-2.023214719338732,0.6078698874516997,0.7829,participant_paired_percentile_fixed_oof_mean_of_3_seed_deltas,10000,0.95,3859134949
source-faithful-v3,BUT PPG,dbp,papagei_p,PaPaGei-P,finetuned_vs_frozen_with_demographics,finetuned_demographics,frozen_demographics,age/sex/BMI,candidate_minus_reference_participant_macro_mae,fixed_mean_of_seed_17_23_42_deltas_within_draw,38,66,3,17/23/42,deterministic_reference_reused_across_seeds,-0.40753967372218725,-0.515890848992421,-0.4522586421400264,0.05445000928635143,-0.4585630549515449,-1.2895881387005985,0.40628202875358876,0.8571,participant_paired_percentile_fixed_oof_mean_of_3_seed_deltas,10000,0.95,1102603643
source-faithful-v3,BUT PPG,dbp,papagei_s,PaPaGei-S,finetuned_vs_frozen_with_demographics,finetuned_demographics,frozen_demographics,age/sex/BMI,candidate_minus_reference_participant_macro_mae,fixed_mean_of_seed_17_23_42_deltas_within_draw,38,66,3,17/23/42,deterministic_reference_reused_across_seeds,0.2714694134569024,0.2234229574608524,0.2741917050813229,0.02855794851531353,0.25636135866635923,-0.1288103816624297,0.6486378809603536,0.0989,participant_paired_percentile_fixed_oof_mean_of_3_seed_deltas,10000,0.95,1198158513
source-faithful-v3,BUT PPG,dbp,pulseppg,Pulse-PPG,finetuned_vs_frozen_with_demographics,finetuned_demographics,frozen_demographics,age/sex/BMI,candidate_minus_reference_participant_macro_mae,fixed_mean_of_seed_17_23_42_deltas_within_draw,38,66,3,17/23/42,deterministic_reference_reused_across_seeds,-0.026313789361063936,-0.030875475771399902,-0.030466846487490148,0.0025240128200041552,-0.029218703873317996,-0.563385360560754,0.4988791807805808,0.5437,participant_paired_percentile_fixed_oof_mean_of_3_seed_deltas,10000,0.95,197001256
source-faithful-v3,BUT PPG,sbp,anyppg,AnyPPG,finetuned_vs_frozen_with_demographics,finetuned_demographics,frozen_demographics,age/sex/BMI,candidate_minus_reference_participant_macro_mae,fixed_mean_of_seed_17_23_42_deltas_within_draw,38,66,3,17/23/42,deterministic_reference_reused_across_seeds,0.49821864205372535,-0.651432640473872,-0.4180626357683777,0.6076911236531403,-0.19042554472950812,-3.180035473774811,2.65605734006229,0.548,participant_paired_percentile_fixed_oof_mean_of_3_seed_deltas,10000,0.95,3201449361
source-faithful-v3,BUT PPG,sbp,papagei_p,PaPaGei-P,finetuned_vs_frozen_with_demographics,finetuned_demographics,frozen_demographics,age/sex/BMI,candidate_minus_reference_participant_macro_mae,fixed_mean_of_seed_17_23_42_deltas_within_draw,38,66,3,17/23/42,deterministic_reference_reused_across_seeds,2.4793356527538375,2.2982544360103847,2.3456570191958392,0.09390366430539053,2.374415702653354,0.2208557484032306,4.379816959974915,0.0166,participant_paired_percentile_fixed_oof_mean_of_3_seed_deltas,10000,0.95,4157500482
source-faithful-v3,BUT PPG,sbp,papagei_s,PaPaGei-S,finetuned_vs_frozen_with_demographics,finetuned_demographics,frozen_demographics,age/sex/BMI,candidate_minus_reference_participant_macro_mae,fixed_mean_of_seed_17_23_42_deltas_within_draw,38,66,3,17/23/42,deterministic_reference_reused_across_seeds,3.4992081463485376,3.4521224031880458,3.5738483906011433,0.06138057412943996,3.5083929800459086,1.5539412060537776,5.464278634866865,0.0002,participant_paired_percentile_fixed_oof_mean_of_3_seed_deltas,10000,0.95,438539412
source-faithful-v3,BUT PPG,sbp,pulseppg,Pulse-PPG,finetuned_vs_frozen_with_demographics,finetuned_demographics,frozen_demographics,age/sex/BMI,candidate_minus_reference_participant_macro_mae,fixed_mean_of_seed_17_23_42_deltas_within_draw,38,66,3,17/23/42,deterministic_reference_reused_across_seeds,2.0331610632951396,2.013546666474381,1.995755988832247,0.0187099455245201,2.0141545728672554,-0.0629635566146933,4.158045342266486,0.0294,participant_paired_percentile_fixed_oof_mean_of_3_seed_deltas,10000,0.95,1528970251
source-faithful-v3,PPG-BP,dbp,anyppg,AnyPPG,finetuned_vs_frozen_with_demographics,finetuned_demographics,frozen_demographics,age/sex/BMI,candidate_minus_reference_participant_macro_mae,fixed_mean_of_seed_17_23_42_deltas_within_draw,219,219,3,17/23/42,deterministic_reference_reused_across_seeds,0.6893730490445779,0.7778346609167239,0.7673271845088095,0.04832651286036282,0.7448449648233705,0.12979869054399443,1.3416207681989918,0.0093,participant_paired_percentile_fixed_oof_mean_of_3_seed_deltas,10000,0.95,84540375
source-faithful-v3,PPG-BP,dbp,papagei_p,PaPaGei-P,finetuned_vs_frozen_with_demographics,finetuned_demographics,frozen_demographics,age/sex/BMI,candidate_minus_reference_participant_macro_mae,fixed_mean_of_seed_17_23_42_deltas_within_draw,219,219,3,17/23/42,deterministic_reference_reused_across_seeds,0.45676324416344194,0.44694255162158564,0.4862437510127575,0.020453730546768495,0.4633165155992617,-0.002595060156742299,0.9187364877305181,0.0257,participant_paired_percentile_fixed_oof_mean_of_3_seed_deltas,10000,0.95,3767686501
source-faithful-v3,PPG-BP,dbp,papagei_s,PaPaGei-S,finetuned_vs_frozen_with_demographics,finetuned_demographics,frozen_demographics,age/sex/BMI,candidate_minus_reference_participant_macro_mae,fixed_mean_of_seed_17_23_42_deltas_within_draw,219,219,3,17/23/42,deterministic_reference_reused_across_seeds,0.6449316729193475,0.5287154491750551,0.5502951295403522,0.061816891716283455,0.5746474172115849,0.07336346762412783,1.0497656723992077,0.0126,participant_paired_percentile_fixed_oof_mean_of_3_seed_deltas,10000,0.95,2977921070
source-faithful-v3,PPG-BP,dbp,pulseppg,Pulse-PPG,finetuned_vs_frozen_with_demographics,finetuned_demographics,frozen_demographics,age/sex/BMI,candidate_minus_reference_participant_macro_mae,fixed_mean_of_seed_17_23_42_deltas_within_draw,219,219,3,17/23/42,deterministic_reference_reused_across_seeds,1.1258280587070897,1.0688701941713212,1.0667881348105908,0.033501855464438936,1.0871621292296672,0.4794012176566127,1.6729808434191618,0.0003,participant_paired_percentile_fixed_oof_mean_of_3_seed_deltas,10000,0.95,4142959402
source-faithful-v3,PPG-BP,sbp,anyppg,AnyPPG,finetuned_vs_frozen_with_demographics,finetuned_demographics,frozen_demographics,age/sex/BMI,candidate_minus_reference_participant_macro_mae,fixed_mean_of_seed_17_23_42_deltas_within_draw,219,219,3,17/23/42,deterministic_reference_reused_across_seeds,1.8378928207272986,1.6564789364046206,1.9881773382311037,0.16609247594870982,1.8275163651210078,0.9431059372974767,2.7521531959880328,0.0,participant_paired_percentile_fixed_oof_mean_of_3_seed_deltas,10000,0.95,1777378553
source-faithful-v3,PPG-BP,sbp,papagei_p,PaPaGei-P,finetuned_vs_frozen_with_demographics,finetuned_demographics,frozen_demographics,age/sex/BMI,candidate_minus_reference_participant_macro_mae,fixed_mean_of_seed_17_23_42_deltas_within_draw,219,219,3,17/23/42,deterministic_reference_reused_across_seeds,2.057130093961257,1.74063933597039,1.7018928306431453,0.19487654417538686,1.833220753524931,0.9190688496207199,2.741653146323262,0.0,participant_paired_percentile_fixed_oof_mean_of_3_seed_deltas,10000,0.95,2499158827
source-faithful-v3,PPG-BP,sbp,papagei_s,PaPaGei-S,finetuned_vs_frozen_with_demographics,finetuned_demographics,frozen_demographics,age/sex/BMI,candidate_minus_reference_participant_macro_mae,fixed_mean_of_seed_17_23_42_deltas_within_draw,219,219,3,17/23/42,deterministic_reference_reused_across_seeds,2.032764933131265,2.017039814409802,2.1022052527659683,0.045318114921393655,2.050670000102345,1.0546280099099763,2.984663692488187,0.0,participant_paired_percentile_fixed_oof_mean_of_3_seed_deltas,10000,0.95,1920186343
source-faithful-v3,PPG-BP,sbp,pulseppg,Pulse-PPG,finetuned_vs_frozen_with_demographics,finetuned_demographics,frozen_demographics,age/sex/BMI,candidate_minus_reference_participant_macro_mae,fixed_mean_of_seed_17_23_42_deltas_within_draw,219,219,3,17/23/42,deterministic_reference_reused_across_seeds,3.259295525917829,3.2501218029345704,3.2420997633607502,0.008604306695069843,3.2505056974043827,1.9270823325944555,4.53867623332584,0.0,participant_paired_percentile_fixed_oof_mean_of_3_seed_deltas,10000,0.95,2861760148
source-faithful-v3,PulseDB-MIMIC,dbp,anyppg,AnyPPG,finetuned_vs_frozen_with_demographics,finetuned_demographics,frozen_demographics,age/sex,candidate_minus_reference_participant_macro_mae,fixed_mean_of_seed_17_23_42_deltas_within_draw,300,3000,3,17/23/42,deterministic_reference_reused_across_seeds,0.25394426080360377,0.4081035842261745,0.3987974445258308,0.08644280003629792,0.3536150965185364,0.09910122278520554,0.6059643477873989,0.0029,participant_paired_percentile_fixed_oof_mean_of_3_seed_deltas,10000,0.95,490727470
source-faithful-v3,PulseDB-MIMIC,dbp,papagei_p,PaPaGei-P,finetuned_vs_frozen_with_demographics,finetuned_demographics,frozen_demographics,age/sex,candidate_minus_reference_participant_macro_mae,fixed_mean_of_seed_17_23_42_deltas_within_draw,300,3000,3,17/23/42,deterministic_reference_reused_across_seeds,0.0010368064915965943,-0.015781259311075265,0.017927619510141452,0.016854452493599025,0.0010610555635542488,-0.18578292960194237,0.18287837590494396,0.4861,participant_paired_percentile_fixed_oof_mean_of_3_seed_deltas,10000,0.95,1445642337
source-faithful-v3,PulseDB-MIMIC,dbp,papagei_s,PaPaGei-S,finetuned_vs_frozen_with_demographics,finetuned_demographics,frozen_demographics,age/sex,candidate_minus_reference_participant_macro_mae,fixed_mean_of_seed_17_23_42_deltas_within_draw,300,3000,3,17/23/42,deterministic_reference_reused_across_seeds,-0.06643659418363317,-0.09401064342132079,-0.10882634842146333,0.021512494704075697,-0.08975786200880574,-0.28819831737983953,0.10377395382847372,0.8161,participant_paired_percentile_fixed_oof_mean_of_3_seed_deltas,10000,0.95,1041885621
source-faithful-v3,PulseDB-MIMIC,dbp,pulseppg,Pulse-PPG,finetuned_vs_frozen_with_demographics,finetuned_demographics,frozen_demographics,age/sex,candidate_minus_reference_participant_macro_mae,fixed_mean_of_seed_17_23_42_deltas_within_draw,300,3000,3,17/23/42,deterministic_reference_reused_across_seeds,0.3280283613941315,0.33009595708852646,0.35721572143273195,0.016287308740568582,0.3384466799717966,0.027334105246765304,0.6482558287134265,0.0165,participant_paired_percentile_fixed_oof_mean_of_3_seed_deltas,10000,0.95,2246138978
source-faithful-v3,PulseDB-MIMIC,sbp,anyppg,AnyPPG,finetuned_vs_frozen_with_demographics,finetuned_demographics,frozen_demographics,age/sex,candidate_minus_reference_participant_macro_mae,fixed_mean_of_seed_17_23_42_deltas_within_draw,300,3000,3,17/23/42,deterministic_reference_reused_across_seeds,0.538773981565038,0.1845210310149602,0.18693955426865616,0.2038334558976754,0.3034115222828847,-0.057358519131106615,0.6795729328819545,0.0499,participant_paired_percentile_fixed_oof_mean_of_3_seed_deltas,10000,0.95,2532327063
source-faithful-v3,PulseDB-MIMIC,sbp,papagei_p,PaPaGei-P,finetuned_vs_frozen_with_demographics,finetuned_demographics,frozen_demographics,age/sex,candidate_minus_reference_participant_macro_mae,fixed_mean_of_seed_17_23_42_deltas_within_draw,300,3000,3,17/23/42,deterministic_reference_reused_across_seeds,0.005527901205204652,0.0025576751087871465,-0.055023855449225986,0.034134464837376664,-0.01564609304507807,-0.4697990412926032,0.46052022267185,0.5233,participant_paired_percentile_fixed_oof_mean_of_3_seed_deltas,10000,0.95,3317222277
source-faithful-v3,PulseDB-MIMIC,sbp,papagei_s,PaPaGei-S,finetuned_vs_frozen_with_demographics,finetuned_demographics,frozen_demographics,age/sex,candidate_minus_reference_participant_macro_mae,fixed_mean_of_seed_17_23_42_deltas_within_draw,300,3000,3,17/23/42,deterministic_reference_reused_across_seeds,0.2945322296489801,0.45017386141725513,0.4053989530296613,0.08012546444356002,0.3833683480319655,-0.07199091011693588,0.8193116952210261,0.0456,participant_paired_percentile_fixed_oof_mean_of_3_seed_deltas,10000,0.95,641471355
source-faithful-v3,PulseDB-MIMIC,sbp,pulseppg,Pulse-PPG,finetuned_vs_frozen_with_demographics,finetuned_demographics,frozen_demographics,age/sex,candidate_minus_reference_participant_macro_mae,fixed_mean_of_seed_17_23_42_deltas_within_draw,300,3000,3,17/23/42,deterministic_reference_reused_across_seeds,0.6721748481756578,0.6643951441282002,0.7515058637636011,0.048204791090855174,0.6960252853558195,0.23866043979166143,1.1411227006532314,0.0016,participant_paired_percentile_fixed_oof_mean_of_3_seed_deltas,10000,0.95,792435385
source-faithful-v3,PulseDB-Vital,dbp,anyppg,AnyPPG,finetuned_vs_frozen_with_demographics,finetuned_demographics,frozen_demographics,age/sex/BMI,candidate_minus_reference_participant_macro_mae,fixed_mean_of_seed_17_23_42_deltas_within_draw,300,3000,3,17/23/42,deterministic_reference_reused_across_seeds,0.19194651479583866,0.17907668240020216,0.33694680383769354,0.08766764098077229,0.2359900003445781,0.09263009536594168,0.3770217662090303,0.0005,participant_paired_percentile_fixed_oof_mean_of_3_seed_deltas,10000,0.95,280521477
source-faithful-v3,PulseDB-Vital,dbp,papagei_p,PaPaGei-P,finetuned_vs_frozen_with_demographics,finetuned_demographics,frozen_demographics,age/sex/BMI,candidate_minus_reference_participant_macro_mae,fixed_mean_of_seed_17_23_42_deltas_within_draw,300,3000,3,17/23/42,deterministic_reference_reused_across_seeds,-0.04155082149164078,-0.013354741752541945,-0.04674271036635661,0.017966316033520852,-0.033882757870179775,-0.20809605601130737,0.13950302513279714,0.6458,participant_paired_percentile_fixed_oof_mean_of_3_seed_deltas,10000,0.95,856915306
source-faithful-v3,PulseDB-Vital,dbp,papagei_s,PaPaGei-S,finetuned_vs_frozen_with_demographics,finetuned_demographics,frozen_demographics,age/sex/BMI,candidate_minus_reference_participant_macro_mae,fixed_mean_of_seed_17_23_42_deltas_within_draw,300,3000,3,17/23/42,deterministic_reference_reused_across_seeds,0.5756760112522501,0.4934848272018763,0.5229054457014866,0.04164471978744616,0.5306887613852044,0.2452757680198674,0.810535586136153,0.0,participant_paired_percentile_fixed_oof_mean_of_3_seed_deltas,10000,0.95,1893788624
source-faithful-v3,PulseDB-Vital,dbp,pulseppg,Pulse-PPG,finetuned_vs_frozen_with_demographics,finetuned_demographics,frozen_demographics,age/sex/BMI,candidate_minus_reference_participant_macro_mae,fixed_mean_of_seed_17_23_42_deltas_within_draw,300,3000,3,17/23/42,deterministic_reference_reused_across_seeds,0.1831983365806961,0.08668581066013752,0.10217339247530158,0.05183238115523634,0.12401917990537836,-0.12803823393983976,0.381536841506079,0.1711,participant_paired_percentile_fixed_oof_mean_of_3_seed_deltas,10000,0.95,4164485317
source-faithful-v3,PulseDB-Vital,sbp,anyppg,AnyPPG,finetuned_vs_frozen_with_demographics,finetuned_demographics,frozen_demographics,age/sex/BMI,candidate_minus_reference_participant_macro_mae,fixed_mean_of_seed_17_23_42_deltas_within_draw,300,3000,3,17/23/42,deterministic_reference_reused_across_seeds,0.5976394588916706,0.6863274964787589,0.4667055392150587,0.11048609523771818,0.5835574981951628,0.28777073347332555,0.8783455229186663,0.0001,participant_paired_percentile_fixed_oof_mean_of_3_seed_deltas,10000,0.95,375671029
source-faithful-v3,PulseDB-Vital,sbp,papagei_p,PaPaGei-P,finetuned_vs_frozen_with_demographics,finetuned_demographics,frozen_demographics,age/sex/BMI,candidate_minus_reference_participant_macro_mae,fixed_mean_of_seed_17_23_42_deltas_within_draw,300,3000,3,17/23/42,deterministic_reference_reused_across_seeds,0.2381932538991293,0.18284978804626748,0.2520548548429707,0.0366159902767205,0.2243659655961225,-0.12054112096460701,0.5768311844805407,0.0941,participant_paired_percentile_fixed_oof_mean_of_3_seed_deltas,10000,0.95,1926911078
source-faithful-v3,PulseDB-Vital,sbp,papagei_s,PaPaGei-S,finetuned_vs_frozen_with_demographics,finetuned_demographics,frozen_demographics,age/sex/BMI,candidate_minus_reference_participant_macro_mae,fixed_mean_of_seed_17_23_42_deltas_within_draw,300,3000,3,17/23/42,deterministic_reference_reused_across_seeds,0.143691032092106,0.12444271030462702,0.2057368484253061,0.04248316942992755,0.15795686360734637,-0.07955266903116365,0.4009101840628548,0.0981,participant_paired_percentile_fixed_oof_mean_of_3_seed_deltas,10000,0.95,793274289
source-faithful-v3,PulseDB-Vital,sbp,pulseppg,Pulse-PPG,finetuned_vs_frozen_with_demographics,finetuned_demographics,frozen_demographics,age/sex/BMI,candidate_minus_reference_participant_macro_mae,fixed_mean_of_seed_17_23_42_deltas_within_draw,300,3000,3,17/23/42,deterministic_reference_reused_across_seeds,-0.17474758584213992,-0.15660369326436915,-0.07949498237156653,0.05057669522837864,-0.13694875382602523,-0.5072140088676481,0.23765996924249383,0.7614,participant_paired_percentile_fixed_oof_mean_of_3_seed_deltas,10000,0.95,3939578319
source-faithful-v3,BUT PPG,dbp,anyppg,AnyPPG,finetuned_vs_frozen_without_demographics,finetuned,frozen,none,candidate_minus_reference_participant_macro_mae,fixed_mean_of_seed_17_23_42_deltas_within_draw,38,66,3,17/23/42,deterministic_reference_reused_across_seeds,-0.34474124042853305,-0.6194514724483403,-0.626290142797874,0.16061458184834204,-0.5301609518915824,-1.1395614469837994,0.06500059408114822,0.9582,participant_paired_percentile_fixed_oof_mean_of_3_seed_deltas,10000,0.95,2779709650
source-faithful-v3,BUT PPG,dbp,papagei_p,PaPaGei-P,finetuned_vs_frozen_without_demographics,finetuned,frozen,none,candidate_minus_reference_participant_macro_mae,fixed_mean_of_seed_17_23_42_deltas_within_draw,38,66,3,17/23/42,deterministic_reference_reused_across_seeds,-0.6108433594666862,-0.6346576062153693,-0.6351436755588903,0.013891604021823779,-0.6268815470803152,-1.2628168055008315,-0.09123440804736446,0.992,participant_paired_percentile_fixed_oof_mean_of_3_seed_deltas,10000,0.95,86962199
source-faithful-v3,BUT PPG,dbp,papagei_s,PaPaGei-S,finetuned_vs_frozen_without_demographics,finetuned,frozen,none,candidate_minus_reference_participant_macro_mae,fixed_mean_of_seed_17_23_42_deltas_within_draw,38,66,3,17/23/42,deterministic_reference_reused_across_seeds,0.04633391891815501,0.04931071658547325,0.08261976546652636,0.020145374661215614,0.05942146699005154,-0.2512965229754739,0.4308176684439135,0.3724,participant_paired_percentile_fixed_oof_mean_of_3_seed_deltas,10000,0.95,3753325162
source-faithful-v3,BUT PPG,dbp,pulseppg,Pulse-PPG,finetuned_vs_frozen_without_demographics,finetuned,frozen,none,candidate_minus_reference_participant_macro_mae,fixed_mean_of_seed_17_23_42_deltas_within_draw,38,66,3,17/23/42,deterministic_reference_reused_across_seeds,-0.625646486741999,-0.6137516944711481,-0.6258803573641769,0.006935959945666573,-0.621759512859108,-1.134753367099656,-0.07572610354819224,0.9872,participant_paired_percentile_fixed_oof_mean_of_3_seed_deltas,10000,0.95,980962762
source-faithful-v3,BUT PPG,sbp,anyppg,AnyPPG,finetuned_vs_frozen_without_demographics,finetuned,frozen,none,candidate_minus_reference_participant_macro_mae,fixed_mean_of_seed_17_23_42_deltas_within_draw,38,66,3,17/23/42,deterministic_reference_reused_across_seeds,-1.4851938536202984,-0.8041894276665013,-1.6162982754751625,0.4359809205090803,-1.3018938522539871,-2.3567859666478403,-0.3304852553057159,0.9955,participant_paired_percentile_fixed_oof_mean_of_3_seed_deltas,10000,0.95,1256967262
source-faithful-v3,BUT PPG,sbp,papagei_p,PaPaGei-P,finetuned_vs_frozen_without_demographics,finetuned,frozen,none,candidate_minus_reference_participant_macro_mae,fixed_mean_of_seed_17_23_42_deltas_within_draw,38,66,3,17/23/42,deterministic_reference_reused_across_seeds,-0.478154465406772,-0.4375617618175619,-0.5154379486364825,0.03894980996932035,-0.47705139195360546,-1.2920451663720218,0.28630989733245454,0.881,participant_paired_percentile_fixed_oof_mean_of_3_seed_deltas,10000,0.95,2192050033
source-faithful-v3,BUT PPG,sbp,papagei_s,PaPaGei-S,finetuned_vs_frozen_without_demographics,finetuned,frozen,none,candidate_minus_reference_participant_macro_mae,fixed_mean_of_seed_17_23_42_deltas_within_draw,38,66,3,17/23/42,deterministic_reference_reused_across_seeds,0.25696974807517603,0.13395147511600838,0.22696767460190084,0.06414259279312956,0.20596296593102842,-0.6593280382087007,0.9874761540029244,0.2952,participant_paired_percentile_fixed_oof_mean_of_3_seed_deltas,10000,0.95,963853592
source-faithful-v3,BUT PPG,sbp,pulseppg,Pulse-PPG,finetuned_vs_frozen_without_demographics,finetuned,frozen,none,candidate_minus_reference_participant_macro_mae,fixed_mean_of_seed_17_23_42_deltas_within_draw,38,66,3,17/23/42,deterministic_reference_reused_across_seeds,-0.5992952850420965,-0.5943751659521211,-0.5795281884107301,0.010290597838220169,-0.5910662131349825,-1.5228488744259714,0.14863044488208582,0.9346,participant_paired_percentile_fixed_oof_mean_of_3_seed_deltas,10000,0.95,1629830428
source-faithful-v3,PPG-BP,dbp,anyppg,AnyPPG,finetuned_vs_frozen_without_demographics,finetuned,frozen,none,candidate_minus_reference_participant_macro_mae,fixed_mean_of_seed_17_23_42_deltas_within_draw,219,219,3,17/23/42,deterministic_reference_reused_across_seeds,0.4468057902394528,0.2788237750187533,0.4719459698437146,0.10499695884655597,0.39919184503397354,-0.12012703294450189,0.9060926750155613,0.0641,participant_paired_percentile_fixed_oof_mean_of_3_seed_deltas,10000,0.95,1402217136
source-faithful-v3,PPG-BP,dbp,papagei_p,PaPaGei-P,finetuned_vs_frozen_without_demographics,finetuned,frozen,none,candidate_minus_reference_participant_macro_mae,fixed_mean_of_seed_17_23_42_deltas_within_draw,219,219,3,17/23/42,deterministic_reference_reused_across_seeds,0.14061147363851165,0.14215730621081024,0.16582831229909048,0.014133854626431783,0.1495323640494708,-0.17900646394674213,0.4716335191827825,0.1938,participant_paired_percentile_fixed_oof_mean_of_3_seed_deltas,10000,0.95,1541563976
source-faithful-v3,PPG-BP,dbp,papagei_s,PaPaGei-S,finetuned_vs_frozen_without_demographics,finetuned,frozen,none,candidate_minus_reference_participant_macro_mae,fixed_mean_of_seed_17_23_42_deltas_within_draw,219,219,3,17/23/42,deterministic_reference_reused_across_seeds,0.27271119854417886,0.2622894999140404,0.17814466734174272,0.051852022581282145,0.23771512193332064,-0.05411779739413753,0.5286523046503276,0.0569,participant_paired_percentile_fixed_oof_mean_of_3_seed_deltas,10000,0.95,916843918
source-faithful-v3,PPG-BP,dbp,pulseppg,Pulse-PPG,finetuned_vs_frozen_without_demographics,finetuned,frozen,none,candidate_minus_reference_participant_macro_mae,fixed_mean_of_seed_17_23_42_deltas_within_draw,219,219,3,17/23/42,deterministic_reference_reused_across_seeds,0.32689861295328515,0.30649521417094167,0.3730685216290838,0.0341075857029861,0.3354874495844369,-0.1436277243108441,0.8101335932033719,0.0832,participant_paired_percentile_fixed_oof_mean_of_3_seed_deltas,10000,0.95,2078609295
source-faithful-v3,PPG-BP,sbp,anyppg,AnyPPG,finetuned_vs_frozen_without_demographics,finetuned,frozen,none,candidate_minus_reference_participant_macro_mae,fixed_mean_of_seed_17_23_42_deltas_within_draw,219,219,3,17/23/42,deterministic_reference_reused_across_seeds,2.0565339034775514,2.222657719307079,2.3787153403116466,0.1611169251919498,2.2193023210320924,1.241089838427376,3.200052914882643,0.0,participant_paired_percentile_fixed_oof_mean_of_3_seed_deltas,10000,0.95,4262657894
source-faithful-v3,PPG-BP,sbp,papagei_p,PaPaGei-P,finetuned_vs_frozen_without_demographics,finetuned,frozen,none,candidate_minus_reference_participant_macro_mae,fixed_mean_of_seed_17_23_42_deltas_within_draw,219,219,3,17/23/42,deterministic_reference_reused_across_seeds,1.983588089010863,1.990189504535979,1.9788232503502863,0.005707803264104701,1.9842002812990425,1.1501092089340772,2.814896967589076,0.0,participant_paired_percentile_fixed_oof_mean_of_3_seed_deltas,10000,0.95,2638196951
source-faithful-v3,PPG-BP,sbp,papagei_s,PaPaGei-S,finetuned_vs_frozen_without_demographics,finetuned,frozen,none,candidate_minus_reference_participant_macro_mae,fixed_mean_of_seed_17_23_42_deltas_within_draw,219,219,3,17/23/42,deterministic_reference_reused_across_seeds,1.9025636696788866,1.8969315159498148,1.8435778538493577,0.03255165352746501,1.8810243464926866,0.8676040305454571,2.8405110922543537,0.0001,participant_paired_percentile_fixed_oof_mean_of_3_seed_deltas,10000,0.95,2699079279
source-faithful-v3,PPG-BP,sbp,pulseppg,Pulse-PPG,finetuned_vs_frozen_without_demographics,finetuned,frozen,none,candidate_minus_reference_participant_macro_mae,fixed_mean_of_seed_17_23_42_deltas_within_draw,219,219,3,17/23/42,deterministic_reference_reused_across_seeds,2.6451333428672648,2.634459368742456,2.6197474418018167,0.012746362166179727,2.6331133844705126,1.506631767621128,3.7833128289564244,0.0,participant_paired_percentile_fixed_oof_mean_of_3_seed_deltas,10000,0.95,3721983920
source-faithful-v3,PulseDB-MIMIC,dbp,anyppg,AnyPPG,finetuned_vs_frozen_without_demographics,finetuned,frozen,none,candidate_minus_reference_participant_macro_mae,fixed_mean_of_seed_17_23_42_deltas_within_draw,300,3000,3,17/23/42,deterministic_reference_reused_across_seeds,0.3130178014463478,0.3820335359118676,0.293698016522304,0.046439189052549186,0.32958311796017314,0.09392102907067476,0.5590203484690586,0.0025,participant_paired_percentile_fixed_oof_mean_of_3_seed_deltas,10000,0.95,3970540438
source-faithful-v3,PulseDB-MIMIC,dbp,papagei_p,PaPaGei-P,finetuned_vs_frozen_without_demographics,finetuned,frozen,none,candidate_minus_reference_participant_macro_mae,fixed_mean_of_seed_17_23_42_deltas_within_draw,300,3000,3,17/23/42,deterministic_reference_reused_across_seeds,0.00956887937356917,-0.028284402983037468,-0.007321936513749687,0.01896310297650108,-0.008679153374405986,-0.20443142184320687,0.1799265482195536,0.5388,participant_paired_percentile_fixed_oof_mean_of_3_seed_deltas,10000,0.95,2781661001
source-faithful-v3,PulseDB-MIMIC,dbp,papagei_s,PaPaGei-S,finetuned_vs_frozen_without_demographics,finetuned,frozen,none,candidate_minus_reference_participant_macro_mae,fixed_mean_of_seed_17_23_42_deltas_within_draw,300,3000,3,17/23/42,deterministic_reference_reused_across_seeds,0.020070045877321654,0.03272418766471894,0.004840806217871645,0.013961494702042157,0.019211679919970755,-0.1704186458177828,0.21557230969607816,0.4134,participant_paired_percentile_fixed_oof_mean_of_3_seed_deltas,10000,0.95,1259945326
source-faithful-v3,PulseDB-MIMIC,dbp,pulseppg,Pulse-PPG,finetuned_vs_frozen_without_demographics,finetuned,frozen,none,candidate_minus_reference_participant_macro_mae,fixed_mean_of_seed_17_23_42_deltas_within_draw,300,3000,3,17/23/42,deterministic_reference_reused_across_seeds,0.0014893106953541373,0.026218176165468055,0.0614107233272601,0.030112588328297437,0.029706070062694087,-0.21872316080500284,0.2861249982427982,0.4012,participant_paired_percentile_fixed_oof_mean_of_3_seed_deltas,10000,0.95,2754927085
source-faithful-v3,PulseDB-MIMIC,sbp,anyppg,AnyPPG,finetuned_vs_frozen_without_demographics,finetuned,frozen,none,candidate_minus_reference_participant_macro_mae,fixed_mean_of_seed_17_23_42_deltas_within_draw,300,3000,3,17/23/42,deterministic_reference_reused_across_seeds,0.1245440286869718,0.5074334311944035,0.29132176309413504,0.1919736788970322,0.30776640765850344,-0.03984711348639749,0.6548686853139905,0.0412,participant_paired_percentile_fixed_oof_mean_of_3_seed_deltas,10000,0.95,578103553
source-faithful-v3,PulseDB-MIMIC,sbp,papagei_p,PaPaGei-P,finetuned_vs_frozen_without_demographics,finetuned,frozen,none,candidate_minus_reference_participant_macro_mae,fixed_mean_of_seed_17_23_42_deltas_within_draw,300,3000,3,17/23/42,deterministic_reference_reused_across_seeds,0.06490524688665276,0.04055790751266123,-0.08045788144662754,0.07785462220368289,0.008335090984228861,-0.4563167366307793,0.44937985669029484,0.4892,participant_paired_percentile_fixed_oof_mean_of_3_seed_deltas,10000,0.95,2142516498
source-faithful-v3,PulseDB-MIMIC,sbp,papagei_s,PaPaGei-S,finetuned_vs_frozen_without_demographics,finetuned,frozen,none,candidate_minus_reference_participant_macro_mae,fixed_mean_of_seed_17_23_42_deltas_within_draw,300,3000,3,17/23/42,deterministic_reference_reused_across_seeds,0.21697079888336263,0.28041014470479925,0.33875184325395935,0.0609083015084235,0.27871092894737376,-0.14245627899308208,0.7005541682490073,0.0964,participant_paired_percentile_fixed_oof_mean_of_3_seed_deltas,10000,0.95,2309279641
source-faithful-v3,PulseDB-MIMIC,sbp,pulseppg,Pulse-PPG,finetuned_vs_frozen_without_demographics,finetuned,frozen,none,candidate_minus_reference_participant_macro_mae,fixed_mean_of_seed_17_23_42_deltas_within_draw,300,3000,3,17/23/42,deterministic_reference_reused_across_seeds,0.7806225118361548,0.8789625849411188,0.6052801243776678,0.1386348994289177,0.7549550737183138,0.29769973753285867,1.2099620799379172,0.0005,participant_paired_percentile_fixed_oof_mean_of_3_seed_deltas,10000,0.95,3732094651
source-faithful-v3,PulseDB-Vital,dbp,anyppg,AnyPPG,finetuned_vs_frozen_without_demographics,finetuned,frozen,none,candidate_minus_reference_participant_macro_mae,fixed_mean_of_seed_17_23_42_deltas_within_draw,300,3000,3,17/23/42,deterministic_reference_reused_across_seeds,0.3369708219751496,0.26000452989234674,0.5696620159605668,0.16122280677860285,0.38887912260935437,0.20622837253982565,0.5644483228446981,0.0,participant_paired_percentile_fixed_oof_mean_of_3_seed_deltas,10000,0.95,3679661295
source-faithful-v3,PulseDB-Vital,dbp,papagei_p,PaPaGei-P,finetuned_vs_frozen_without_demographics,finetuned,frozen,none,candidate_minus_reference_participant_macro_mae,fixed_mean_of_seed_17_23_42_deltas_within_draw,300,3000,3,17/23/42,deterministic_reference_reused_across_seeds,-0.13502347066823542,-0.09521993573807527,-0.1519383097199585,0.029118742876456005,-0.12739390537542306,-0.2828285440030803,0.028570231640985357,0.9444,participant_paired_percentile_fixed_oof_mean_of_3_seed_deltas,10000,0.95,557225023
source-faithful-v3,PulseDB-Vital,dbp,papagei_s,PaPaGei-S,finetuned_vs_frozen_without_demographics,finetuned,frozen,none,candidate_minus_reference_participant_macro_mae,fixed_mean_of_seed_17_23_42_deltas_within_draw,300,3000,3,17/23/42,deterministic_reference_reused_across_seeds,0.4586665324455914,0.44696126395718094,0.45193437469271125,0.005874621814541007,0.45252072369849455,0.17171178366216713,0.7423894400050993,0.0005,participant_paired_percentile_fixed_oof_mean_of_3_seed_deltas,10000,0.95,159809395
source-faithful-v3,PulseDB-Vital,dbp,pulseppg,Pulse-PPG,finetuned_vs_frozen_without_demographics,finetuned,frozen,none,candidate_minus_reference_participant_macro_mae,fixed_mean_of_seed_17_23_42_deltas_within_draw,300,3000,3,17/23/42,deterministic_reference_reused_across_seeds,-0.034289164073815076,-0.10496987432203345,-0.10732612324973813,0.04150444176203185,-0.08219505388186221,-0.30936033169051375,0.13889716693088364,0.7684,participant_paired_percentile_fixed_oof_mean_of_3_seed_deltas,10000,0.95,2103692276
source-faithful-v3,PulseDB-Vital,sbp,anyppg,AnyPPG,finetuned_vs_frozen_without_demographics,finetuned,frozen,none,candidate_minus_reference_participant_macro_mae,fixed_mean_of_seed_17_23_42_deltas_within_draw,300,3000,3,17/23/42,deterministic_reference_reused_across_seeds,0.70476052661711,0.5609204420104252,1.0048536920553917,0.22650335110762812,0.7568448868943088,0.43309451990745373,1.074745371536967,0.0,participant_paired_percentile_fixed_oof_mean_of_3_seed_deltas,10000,0.95,970463732
source-faithful-v3,PulseDB-Vital,sbp,papagei_p,PaPaGei-P,finetuned_vs_frozen_without_demographics,finetuned,frozen,none,candidate_minus_reference_participant_macro_mae,fixed_mean_of_seed_17_23_42_deltas_within_draw,300,3000,3,17/23/42,deterministic_reference_reused_across_seeds,0.21226147241692886,0.24274775663107168,0.30248548608855363,0.04589550175659617,0.2524982383788514,-0.0845903991690424,0.5907596253054618,0.0686,participant_paired_percentile_fixed_oof_mean_of_3_seed_deltas,10000,0.95,1761481297
source-faithful-v3,PulseDB-Vital,sbp,papagei_s,PaPaGei-S,finetuned_vs_frozen_without_demographics,finetuned,frozen,none,candidate_minus_reference_participant_macro_mae,fixed_mean_of_seed_17_23_42_deltas_within_draw,300,3000,3,17/23/42,deterministic_reference_reused_across_seeds,0.34391817868457397,0.34594619084142914,0.36912077221703393,0.014002052087731484,0.35299504724767894,0.051794030031183755,0.6607948131652187,0.0105,participant_paired_percentile_fixed_oof_mean_of_3_seed_deltas,10000,0.95,4227235975
source-faithful-v3,PulseDB-Vital,sbp,pulseppg,Pulse-PPG,finetuned_vs_frozen_without_demographics,finetuned,frozen,none,candidate_minus_reference_participant_macro_mae,fixed_mean_of_seed_17_23_42_deltas_within_draw,300,3000,3,17/23/42,deterministic_reference_reused_across_seeds,-0.21718108260341146,-0.18540047498018333,-0.1441492803230713,0.03661810168449303,-0.18224361263555536,-0.5367531518205018,0.16865686016097778,0.8494,participant_paired_percentile_fixed_oof_mean_of_3_seed_deltas,10000,0.95,3535768057
